{
  "meta": {
    "python": "3.12.3",
    "platform": "Linux-6.8.0-x86_64-with-glibc2.39",
    "loops": 3,
    "warmups": 1,
    "seed": 42,
    "group": "all",
    "functions": [
      "ndvi",
      "ndwi",
      "evi",
      "savi",
      "nbr",
      "ndmi",
      "nbr2",
      "gci",
      "delta_ndvi",
      "delta_nbr",
      "normalized_difference",
      "temporal_mean",
      "temporal_std",
      "median",
      "euclidean_distance",
      "manhattan_distance",
      "chebyshev_distance",
      "minkowski_distance",
      "moving_average_temporal",
      "moving_average_temporal_stride",
      "pixelwise_transform"
    ],
    "shape_info": {
      "height": 1000,
      "width": 1000,
      "time": 24,
      "points_a": 1000,
      "points_b": 1000,
      "point_dim": 32
    },
    "size_sweep": null,
    "sweep_shape_infos": null
  },
  "results": [
    {
      "name": "ndvi",
      "loops": 3,
      "warmups": 1,
      "mean_s": 0.19833984233340138,
      "stdev_s": 0.0010789995010509546,
      "min_s": 0.19748167600027955,
      "max_s": 0.19986163900011888,
      "throughput_elems": 5041851.340786285,
      "elements": 1000000,
      "shape_description": "1000x1000",
      "memory_mb": null,
      "baseline_mean_s": 0.008655167666650717,
      "baseline_min_s": 0.008034396000311972,
      "baseline_max_s": 0.009670872999777202,
      "speedup_vs_numpy": 0.043638068704833013,
      "baseline_throughput_elems": 115537911.97518986,
      "baseline_kind": null
    },
    {
      "name": "ndwi",
      "loops": 3,
      "warmups": 1,
      "mean_s": 0.1938481373332858,
      "stdev_s": 0.0005661307159993762,
      "min_s": 0.19319925899981172,
      "max_s": 0.19457874599993374,
      "throughput_elems": 5158677.373725218,
      "elements": 1000000,
      "shape_description": "1000x1000",
      "memory_mb": null,
      "baseline_mean_s": 0.005444714333255736,
      "baseline_min_s": 0.00502208200032328,
      "baseline_max_s": 0.006096343999615783,
      "speedup_vs_numpy": 0.028087524637363748,
      "baseline_throughput_elems": 183664364.88542774,
      "baseline_kind": null
    },
    {
      "name": "evi",
      "loops": 3,
      "warmups": 1,
      "mean_s": 0.1040172173332697,
      "stdev_s": 0.0011488917821602046,
      "min_s": 0.102488466000068,
      "max_s": 0.10525816199969995,
      "throughput_elems": 9613793.039627412,
      "elements": 1000000,
      "shape_description": "1000x1000",
      "memory_mb": null,
      "baseline_mean_s": 0.014680503666719838,
      "baseline_min_s": 0.014120025000011083,
      "baseline_max_s": 0.015268140999978641,
      "speedup_vs_numpy": 0.14113532396933587,
      "baseline_throughput_elems": 68117553.9138322,
      "baseline_kind": null
    },
    {
      "name": "savi",
      "loops": 3,
      "warmups": 1,
      "mean_s": 0.08606717766663981,
      "stdev_s": 0.00034506822420113885,
      "min_s": 0.08573639399992317,
      "max_s": 0.08654328600005101,
      "throughput_elems": 11618831.093465801,
      "elements": 1000000,
      "shape_description": "1000x1000",
      "memory_mb": null,
      "baseline_mean_s": 0.006013000666825974,
      "baseline_min_s": 0.005533940000077564,
      "baseline_max_s": 0.006745715000306518,
      "speedup_vs_numpy": 0.06986403911274823,
      "baseline_throughput_elems": 166306317.82847625,
      "baseline_kind": null
    },
    {
      "name": "nbr",
      "loops": 3,
      "warmups": 1,
      "mean_s": 0.19720354300003842,
      "stdev_s": 0.000998133046154019,
      "min_s": 0.19587734200013074,
      "max_s": 0.19828532899964557,
      "throughput_elems": 5070902.808271579,
      "elements": 1000000,
      "shape_description": "1000x1000",
      "memory_mb": null,
      "baseline_mean_s": 0.005379170999882869,
      "baseline_min_s": 0.004787552999914624,
      "baseline_max_s": 0.006176311999752215,
      "speedup_vs_numpy": 0.02727725332947908,
      "baseline_throughput_elems": 185902251.4848059,
      "baseline_kind": null
    },
    {
      "name": "ndmi",
      "loops": 3,
      "warmups": 1,
      "mean_s": 0.19809578400008832,
      "stdev_s": 0.000588318952270916,
      "min_s": 0.19732354300003863,
      "max_s": 0.19875006800020856,
      "throughput_elems": 5048063.0117779495,
      "elements": 1000000,
      "shape_description": "1000x1000",
      "memory_mb": null,
      "baseline_mean_s": 0.005267225666708934,
      "baseline_min_s": 0.004645218999939971,
      "baseline_max_s": 0.006107958000029612,
      "speedup_vs_numpy": 0.02658928706280082,
      "baseline_throughput_elems": 189853266.83844545,
      "baseline_kind": null
    },
    {
      "name": "nbr2",
      "loops": 3,
      "warmups": 1,
      "mean_s": 0.19843475666675658,
      "stdev_s": 0.0012471884967038638,
      "min_s": 0.19694719600011013,
      "max_s": 0.19999926299988147,
      "throughput_elems": 5039439.747339021,
      "elements": 1000000,
      "shape_description": "1000x1000",
      "memory_mb": null,
      "baseline_mean_s": 0.005635141000008541,
      "baseline_min_s": 0.005294083000080718,
      "baseline_max_s": 0.0060522680000758555,
      "speedup_vs_numpy": 0.0283979535373028,
      "baseline_throughput_elems": 177457848.880531,
      "baseline_kind": null
    },
    {
      "name": "gci",
      "loops": 3,
      "warmups": 1,
      "mean_s": 0.08608086999993247,
      "stdev_s": 0.0023923012940841658,
      "min_s": 0.08428373100014142,
      "max_s": 0.08946185299964782,
      "throughput_elems": 11616982.960334677,
      "elements": 1000000,
      "shape_description": "1000x1000",
      "memory_mb": null,
      "baseline_mean_s": 0.0025641270000657337,
      "baseline_min_s": 0.002220465999926091,
      "baseline_max_s": 0.003022879000127432,
      "speedup_vs_numpy": 0.0297874196678977,
      "baseline_throughput_elems": 389996283.3254219,
      "baseline_kind": null
    },
    {
      "name": "delta_ndvi",
      "loops": 3,
      "warmups": 1,
      "mean_s": 0.47784563633346505,
      "stdev_s": 0.005520430249366967,
      "min_s": 0.4734832480003206,
      "max_s": 0.4856339600000865,
      "throughput_elems": 2092726.0269091355,
      "elements": 1000000,
      "shape_description": "1000x1000",
      "memory_mb": null,
      "baseline_mean_s": 0.012006041999787461,
      "baseline_min_s": 0.0111505289996785,
      "baseline_max_s": 0.012816118000046117,
      "speedup_vs_numpy": 0.02512535657311943,
      "baseline_throughput_elems": 83291396.11686371,
      "baseline_kind": null
    },
    {
      "name": "delta_nbr",
      "loops": 3,
      "warmups": 1,
      "mean_s": 0.48395277700016476,
      "stdev_s": 0.005155665592827454,
      "min_s": 0.47905890700030795,
      "max_s": 0.49108040200007963,
      "throughput_elems": 2066317.3093015635,
      "elements": 1000000,
      "shape_description": "1000x1000",
      "memory_mb": null,
      "baseline_mean_s": 0.013330086999909932,
      "baseline_min_s": 0.012480936999963888,
      "baseline_max_s": 0.014290426000115986,
      "speedup_vs_numpy": 0.027544189502409642,
      "baseline_throughput_elems": 75018265.0725953,
      "baseline_kind": null
    },
    {
      "name": "normalized_difference",
      "loops": 3,
      "warmups": 1,
      "mean_s": 0.19865631533320993,
      "stdev_s": 0.0003882795201995933,
      "min_s": 0.19811157499998444,
      "max_s": 0.19898855999963416,
      "throughput_elems": 5033819.329240459,
      "elements": 1000000,
      "shape_description": "1000x1000",
      "memory_mb": null,
      "baseline_mean_s": 0.004999927333301457,
      "baseline_min_s": 0.004485265999846888,
      "baseline_max_s": 0.0055455130000154895,
      "speedup_vs_numpy": 0.02516873085517058,
      "baseline_throughput_elems": 200002906.71018592,
      "baseline_kind": null
    },
    {
      "name": "temporal_mean",
      "loops": 3,
      "warmups": 1,
      "mean_s": 0.9192103963332556,
      "stdev_s": 0.002713780101136795,
      "min_s": 0.9172268759998587,