Sample	tSNE1	tSNE2
S1	-179.18388	77.90354
S2	-175.34955	75.27725
S3	-175.1774	80.112656
S4	139.21924	-71.57789
S5	139.01054	-76.3551
S6	143.07515	-74.16464
