fold,accuracy,precision,recall,f1,f1beta,roc_auc
1,0.9977121067683508,0.9875666074600356,0.9910873440285205,0.9893238434163701,0.9882687522218272,0.9999661303850785
2,0.9986651411136537,0.9893805309734514,0.9982142857142857,0.9937777777777778,0.9911347517730497,0.9999454831035745
3,0.9984744469870328,0.9911032028469751,0.9946428571428572,0.9928698752228164,0.9918091168091168,0.9999748383554958
4,0.9986651411136537,0.9964093357271095,0.9910714285714286,0.9937332139659804,0.9953371592539455,0.999993137733317
5,0.9971395881006865,0.9823321554770318,0.9910873440285205,0.9866903283052352,0.984070796460177,0.9998839051859364
