{
    "max_bins": 203,
    "max_interaction_bins": 58,
    "interactions": 2,
    "learning_rate": 0.01420146060485277,
    "greedy_ratio": 5.752134524773881,
    "cyclic_progress": 0.9451218560005005,
    "outer_bags": 15,
    "inner_bags": 1,
    "validation_size": 0.24528173265626452,
    "smoothing_rounds": 25,
    "interaction_smoothing_rounds": 52,
    "min_samples_leaf": 12,
    "max_leaves": 3,
    "min_hessian": 0.0006341362778163613,
    "reg_alpha": 0.2600123286509565,
    "reg_lambda": 0.2294392493343246,
    "max_rounds": 1759,
    "early_stopping_rounds": 74,
    "early_stopping_tolerance": 9.145718274827645e-05,
    "gain_scale": 3.727117415300721,
    "min_cat_samples": 11,
    "cat_smooth": 18.893395976967195,
    "missing": "low",
    "random_state": 99
}