{
  "last_position": 30.0,
  "total_up_time": 184.9553032875061,
  "usage_periods": [
    [
      1763494756.4042995,
      1763494786.4042995,
      30.0
    ],
    [
      1763494956.4042995,
      1763494981.4042995,
      25.0
    ],
    [
      1763495156.4042995,
      1763495176.4042995,
      20.0
    ],
    [
      1763495356.4042995,
      1763495381.4042995,
      25.0
    ],
    [
      1763495856.405774,
      1763495857.0423234,
      0.6365492343902588
    ],
    [
      1763497574.8526337,
      1763497576.6710057,
      1.8183720111846924
    ],
    [
      1763497617.6946945,
      1763497621.3312733,
      3.6365787982940674
    ],
    [
      1763497928.1398637,
      1763497931.776416,
      3.636552333831787
    ],
    [
      1763498408.447813,
      1763498426.9665084,
      18.51869535446167
    ],
    [
      1763498863.0324163,
      1763498890.8104022,
      27.77798581123352
    ],
    [
      1763498890.9123645,
      1763498918.1852903,
      27.272925853729248
    ],
    [
      1763498918.2872386,
      1763498946.0652158,
      27.777977228164673
    ],
    [
      1763498947.3871467,
      1763498954.7947295,
      7.407582759857178
    ],
    [
      1763499185.2448037,
      1763499188.8813705,
      3.6365668773651123
    ],
    [
      1763499952.5517168,
      1763499954.4037511,
      1.852034330368042
    ],
    [
      1763500576.6500714,
      1763500578.5023472,
      1.8522758483886719
    ],
    [
      1763500585.8909063,
      1763500587.7429347,
      1.8520283699035645
    ],
    [
      1763500854.9809864,
      1763500856.8330512,
      1.852064847946167
    ],
    [
      1763500856.934996,
      1763500860.6388907,
      3.703894853591919
    ],
    [
      1763501062.8640413,
      1763501064.716086,
      1.8520445823669434
    ],
    [
      1763501064.817657,
      1763501068.521543,
      3.703886032104492
    ],
    [
      1763501188.6183019,
      1763501195.8912296,
      7.272927761077881
    ],
    [
      1763501195.9933672,
      1763501207.1046762,
      11.111309051513672
    ],
    [
      1763501207.2066073,
      1763501214.4795344,
      7.2729270458221436
    ],
    [
      1763501388.0313075,
      1763501389.883359,
      1.8520514965057373
    ],
    [
      1763501390.1899018,
      1763501419.8197086,
      29.629806756973267
    ],
    [
      1763501504.581304,
      1763501508.2851863,
      3.7038822174072266
    ],
    [
      1763501521.9692283,
      1763501525.6731281,
      3.70389986038208
    ],
    [
      1763501599.0091352,
      1763501602.7130191,
      3.7038838863372803
    ],
    [
      1763502238.5140986,
      1763502242.1506405,
      3.6365418434143066
    ],
    [
      1763502260.9601638,
      1763502264.5967178,
      3.636554002761841
    ]
  ]
}