Feature	Importance
Feat_E	0.21765913757700206
Feat_B	0.2053388090349076
Feat_D	0.20123203285420946
Feat_A	0.19301848049281314
Feat_C	0.18275154004106775
