{
  "meta": {
    "python": "3.12.3",
    "platform": "Linux-6.8.0-x86_64-with-glibc2.39",
    "loops": 3,
    "warmups": 1,
    "seed": 42,
    "group": "all",
    "functions": [
      "ndvi",
      "ndwi",
      "evi",
      "savi",
      "nbr",
      "ndmi",
      "nbr2",
      "gci",
      "delta_ndvi",
      "delta_nbr",
      "normalized_difference",
      "temporal_mean",
      "temporal_std",
      "median",
      "euclidean_distance",
      "manhattan_distance",
      "chebyshev_distance",
      "minkowski_distance",
      "moving_average_temporal",
      "moving_average_temporal_stride",
      "pixelwise_transform"
    ],
    "shape_info": {
      "height": 1000,
      "width": 1000,
      "time": 24,
      "points_a": 1000,
      "points_b": 1000,
      "point_dim": 32
    },
    "size_sweep": null,
    "sweep_shape_infos": null
  },
  "results": [
    {
      "name": "ndvi",
      "loops": 3,
      "warmups": 1,
      "mean_s": 0.20854415399999957,
      "stdev_s": 0.001320762778627471,
      "min_s": 0.20702248200007034,
      "max_s": 0.2102430769999728,
      "throughput_elems": 4795147.602171587,
      "elements": 1000000,
      "shape_description": "1000x1000",
      "memory_mb": null,
      "baseline_mean_s": 0.010076591999980641,
      "baseline_min_s": 0.009637232999921252,
      "baseline_max_s": 0.010927412999990338,
      "speedup_vs_numpy": 0.048318745966768564,
      "baseline_throughput_elems": 99239901.74474874,
      "baseline_kind": null
    },
    {
      "name": "ndwi",
      "loops": 3,
      "warmups": 1,
      "mean_s": 0.20214616233336832,
      "stdev_s": 0.002477643219840315,
      "min_s": 0.20035241300001871,
      "max_s": 0.20564974400008396,
      "throughput_elems": 4946915.580573105,
      "elements": 1000000,
      "shape_description": "1000x1000",
      "memory_mb": null,
      "baseline_mean_s": 0.006752342666686673,
      "baseline_min_s": 0.006732368000029965,
      "baseline_max_s": 0.006771555000000262,
      "speedup_vs_numpy": 0.03340326914320085,
      "baseline_throughput_elems": 148096749.43388098,
      "baseline_kind": null
    },
    {
      "name": "evi",
      "loops": 3,
      "warmups": 1,
      "mean_s": 0.1235094683333197,
      "stdev_s": 0.011817626817779413,
      "min_s": 0.1149339589999272,
      "max_s": 0.14022018299999672,
      "throughput_elems": 8096545.256767375,
      "elements": 1000000,
      "shape_description": "1000x1000",
      "memory_mb": null,
      "baseline_mean_s": 0.017483127999980752,
      "baseline_min_s": 0.017007685999942623,
      "baseline_max_s": 0.01806870899997648,
      "speedup_vs_numpy": 0.14155293708170105,
      "baseline_throughput_elems": 57198002.55429697,
      "baseline_kind": null
    },
    {
      "name": "savi",
      "loops": 3,
      "warmups": 1,
      "mean_s": 0.09289794399997693,
      "stdev_s": 0.001952682224520347,
      "min_s": 0.0912282020000248,
      "max_s": 0.09563765699999749,
      "throughput_elems": 10764500.88066802,
      "elements": 1000000,
      "shape_description": "1000x1000",
      "memory_mb": null,
      "baseline_mean_s": 0.008285918666691336,
      "baseline_min_s": 0.008025396999983059,
      "baseline_max_s": 0.008538841000017783,
      "speedup_vs_numpy": 0.08919377878474247,
      "baseline_throughput_elems": 120686678.23399137,
      "baseline_kind": null
    },
    {
      "name": "nbr",
      "loops": 3,
      "warmups": 1,
      "mean_s": 0.21308041933332333,
      "stdev_s": 0.008168514101277297,
      "min_s": 0.20222973600004934,
      "max_s": 0.22193853499993565,
      "throughput_elems": 4693063.7884454895,
      "elements": 1000000,
      "shape_description": "1000x1000",
      "memory_mb": null,
      "baseline_mean_s": 0.006715295666632907,
      "baseline_min_s": 0.00658957799998916,
      "baseline_max_s": 0.006798709000008785,
      "speedup_vs_numpy": 0.03151531092177981,
      "baseline_throughput_elems": 148913770.8364532,
      "baseline_kind": null
    },
    {
      "name": "ndmi",
      "loops": 3,
      "warmups": 1,
      "mean_s": 0.20471004433329654,
      "stdev_s": 0.0015507538556826642,
      "min_s": 0.20251829799997267,
      "max_s": 0.20587256799990428,
      "throughput_elems": 4884958.152673057,
      "elements": 1000000,
      "shape_description": "1000x1000",
      "memory_mb": null,
      "baseline_mean_s": 0.006460974666651964,
      "baseline_min_s": 0.006322082999986378,
      "baseline_max_s": 0.006655274999957328,
      "speedup_vs_numpy": 0.03156159087207561,
      "baseline_throughput_elems": 154775409.53092664,
      "baseline_kind": null
    },
    {
      "name": "nbr2",
      "loops": 3,
      "warmups": 1,
      "mean_s": 0.2064778756666783,
      "stdev_s": 0.002394828473264678,
      "min_s": 0.20324858300000415,
      "max_s": 0.20897657900002287,
      "throughput_elems": 4843133.903674608,
      "elements": 1000000,
      "shape_description": "1000x1000",
      "memory_mb": null,
      "baseline_mean_s": 0.005731873666718457,
      "baseline_min_s": 0.005215087000010499,
      "baseline_max_s": 0.00629500500008362,
      "speedup_vs_numpy": 0.027760231686863847,
      "baseline_throughput_elems": 174463021.7177323,
      "baseline_kind": null
    },
    {
      "name": "gci",
      "loops": 3,
      "warmups": 1,
      "mean_s": 0.08572032066668574,
      "stdev_s": 0.0003268630458415524,
      "min_s": 0.08533040700001493,
      "max_s": 0.08613030000003619,
      "throughput_elems": 11665845.30042057,
      "elements": 1000000,
      "shape_description": "1000x1000",
      "memory_mb": null,
      "baseline_mean_s": 0.003015681999992618,
      "baseline_min_s": 0.002403369999910865,
      "baseline_max_s": 0.0036446850000402264,
      "speedup_vs_numpy": 0.03518047968717678,
      "baseline_throughput_elems": 331599949.8628993,
      "baseline_kind": null
    },
    {
      "name": "delta_ndvi",
      "loops": 3,
      "warmups": 1,
      "mean_s": 0.48683130399998237,
      "stdev_s": 0.01624808825992984,
      "min_s": 0.47398365100002593,
      "max_s": 0.5097537339999008,
      "throughput_elems": 2054099.6270856818,
      "elements": 1000000,
      "shape_description": "1000x1000",
      "memory_mb": null,
      "baseline_mean_s": 0.015299552333317479,
      "baseline_min_s": 0.015057060999993155,
      "baseline_max_s": 0.015525377000017215,
      "speedup_vs_numpy": 0.03142680474244531,
      "baseline_throughput_elems": 65361389.55009313,
      "baseline_kind": null
    },
    {
      "name": "delta_nbr",
      "loops": 3,
      "warmups": 1,
      "mean_s": 0.4713164249999788,
      "stdev_s": 0.002220203109743499,
      "min_s": 0.4688765199999807,
      "max_s": 0.474247838999986,
      "throughput_elems": 2121716.8487180243,
      "elements": 1000000,
      "shape_description": "1000x1000",
      "memory_mb": null,
      "baseline_mean_s": 0.013443958000001052,
      "baseline_min_s": 0.013338885999928607,
      "baseline_max_s": 0.013650734000066223,
      "speedup_vs_numpy": 0.028524272202059702,
      "baseline_throughput_elems": 74382856.59624359,
      "baseline_kind": null
    },
    {
      "name": "normalized_difference",
      "loops": 3,
      "warmups": 1,
      "mean_s": 0.19911064533334866,
      "stdev_s": 0.00014570516950897268,
      "min_s": 0.1989112800000612,
      "max_s": 0.19925544000000173,
      "throughput_elems": 5022333.177243296,
      "elements": 1000000,
      "shape_description": "1000x1000",
      "memory_mb": null,
      "baseline_mean_s": 0.006235748999984025,
      "baseline_min_s": 0.006062281000026815,
      "baseline_max_s": 0.006500482999967971,
      "speedup_vs_numpy": 0.03131800908758148,
      "baseline_throughput_elems": 160365659.36226133,
      "baseline_kind": null
    },
    {
      "name": "temporal_mean",
      "loops": 3,
      "warmups": 1,
      "mean_s": 0.9388493243333187,
      "stdev_s": 0.03505718206580296,
      "min_s": 0.9021333519999644,