{" CA": {"CA": 24.851127348632804}, " DC": {"C1'": 9.563317626953124, "C2": 10.676659082031248, "C2'": 10.573889101562498, "C3'": 8.712610566406248, "C4": 9.611847895507811, "C4'": 8.706901123046874, "C5": 10.66238547363281, "C5'": 11.293278964843747, "C6": 11.387484780273436, "H1'": 2.2721934374999995, "H2'": 2.3319351562499997, "H3'": 2.2330349999999997, "H4'": 2.3444859374999996, "H41": 2.3836443749999994, "H42": 2.419790624999999, "H5": 2.1286124999999996, "H5'": 2.3520164062499997, "H6": 2.0141493749999997, "HO3": 3.0162037499999994, "N1": 4.236671497802735, "N3": 6.709866350708008, "N4": 8.427903720092775, "O2": 9.153918515, "O3'": 7.1970286675, "O4'": 7.14193375, "O5'": 6.21960402, "OP1": 9.227378405, "OP2": 8.8151868, "P": 17.38455079101562}, " DG": {"C1'": 9.526206245117185, "C2": 10.348366088867186, "C2'": 10.476828564453124, "C3'": 8.635533081054687, "C4": 9.471966533203123, "C4'": 8.655516132812497, "C5": 8.698336958007811, "C5'": 11.301843129882812, "C6": 9.80596896972656, "C8": 12.392346811523437, "H1": 2.2982990624999995, "H1'": 2.3083396874999993, "H2'": 2.2601446874999995, "H21": 2.9077649999999995, "H22": 2.2561284374999993, "H3'": 2.2671731249999993, "H4'": 2.3444859375, "H5'": 2.3269148437499996, "H8": 2.0613403124999996, "HO5": 2.9921062499999995, "N1": 6.108336893920899, "N2": 8.42141239501953, "N3": 7.363326408081056, "N7": 7.486661584472657, "N9": 4.191232222290039, "O3'": 6.464470320000001, "O4'": 7.154177065, "O5'": 6.8542158475, "O6": 9.180445697500002, "OP1": 9.250504666666666, "OP2": 8.951223633333333, "P": 17.42971927083333}, " MG": {"MG": 13.562483594160154}, " MN": {"MN": 4.942847818398437}, "ACE": {"C": 9.843080351562499, "CH3": 13.097463066406247, "H1": 2.3414737499999996, "H2": 2.3414737499999996, "H3": 2.3495062499999997, "O": 9.557947910000001}, "ALA": {"C": 9.782161344866072, "CA": 8.845305432477677, "CB": 13.007407041515814, "H": 2.530625075392038, "H1": 2.9057568749999994, "H2": 3.04833375, "H3": 2.9860818749999996, "HA": 2.3171754374999995, "HB1": 2.3470475213414628, "HB2": 2.343202696646341, "HB3": 2.336130178353658, "N": 6.15379694998605, "O": 9.449752084285715}, "ARG": {"C": 9.75829353465082, "CA": 8.66752601551669, "CB": 10.305345485727438, "CD": 11.104742764311078, "CG": 10.31731838592752, "CZ": 10.483496527500568, "H": 2.5147292814232896, "HA": 2.29716137245841, "HB2": 2.297236368613138, "HB3": 2.290867534215328, "HD2": 2.2518506557377047, "HD3": 2.2826931147540983, "HE": 2.6838004311131383, "HG2": 2.2662822477272724, "HG3": 2.2938337227272725, "HH1": 2.663250130018248, "HH2": 2.6736975102645983, "N": 6.125203140275713, "NE": 6.126187052546712, "NH1": 8.335556329087307, "NH2": 8.294365633732037, "O": 9.42438035892791}, "ASN": {"C": 9.765317095081178, "CA": 8.762942977697275, "CB": 10.457775336328123, "CG": 9.962584907394934, "H": 2.6003176588983044, "HA": 2.2827102749999995, "HB2": 2.3314331249999998, "HB3": 2.3226389224137924, "HD2": 2.69267057650862, "N": 6.182690973111797, "ND2": 8.28526866532249, "O": 9.405647455251396, "OD1": 9.59240275623563}, "ASP": {"C": 9.77802319280879, "CA": 8.751966759058556, "CB": 10.466455551743147, "CG": 10.047980162790008, "H": 2.5747201502225514, "HA": 2.3005574493243235, "HB2": 2.2972767443181814, "HB3": 2.3168285795454544, "N": 6.0875017308519865, "O": 9.411064460311573, "OD1": 9.427129606479514, "OD2": 9.5444845985129, "OXT": 9.4681636}, "CYS": {"C": 9.716675931140985, "CA": 8.735182784338662, "CB": 10.754024252513322, "H": 2.592442674418604, "HA": 2.319462209302325, "HB2": 2.3084097383720925, "HB3": 2.3299542732558134, "HG": 2.6972509090909087, "N": 6.1020468502452765, "O": 9.429377284263566, "SG": 18.884944556686047}, "DOM": {"C1": 10.859361269531247, "C1'": 10.825104609374998, "C2": 9.785985917968748, "C2'": 12.298140996093748, "C3": 9.64895927734375, "C3'": 9.900174785156247, "C4": 10.014363652343748, "C4'": 10.060039199218748, "C5": 10.014363652343748, "C5'": 9.917303115234372, "C6": 13.451448554687497, "C6'": 13.177395273437497, "O1": 7.419448890000001, "O1'": 10.42314217, "O2": 9.753840949999999, "O3": 10.34968228, "O3'": 10.39865554, "O4": 10.60271079, "O5": 7.403124470000001, "O5'": 6.7644315375, "O6": 10.545575320000001, "O6'": 9.94157178}, "DTT": {"C1": 12.800572011718748, "C2": 10.322673593749998, "C3": 10.276998046874999, "C4": 13.051787519531247, "O2": 10.51292648, "O3": 10.292546810000001, "S1": 18.21771, "S4": 18.2990390625}, "GLN": {"C": 9.713547355346678, "CA": 8.663978343505859, "CB": 10.337915768432614, "CD": 10.038073880047401, "CG": 10.457647400807584, "H": 2.585380253906249, "HA": 2.289872109374999, "HB2": 2.317628957865168, "HB3": 2.31688888483146, "HE2": 2.795350613764044, "HG2": 2.308630752808988, "HG3": 2.296239042134831, "N": 6.023543960151672, "NE2": 8.414896757867364, "O": 9.396908235468752, "OE1": 9.607232984764046}, "GLU": {"C": 9.74631094754227, "CA": 8.701385768413596, "CB": 10.31779577799479, "CD": 10.008751529041634, "CG": 10.410992553738522, "H": 2.566093624291784, "HA": 2.316665157577903, "HB2": 2.2829374735169488, "HB3": 2.266191753177966, "HG2": 2.2862217879971585, "HG3": 2.288703419744318, "N": 6.094342847516545, "O": 9.403582714645893, "OE1": 9.459224588764204, "OE2": 9.499444342301137, "OXT": 9.794652}, "GLY": {"C": 9.874891312199962, "CA": 11.243842100777785, "H": 2.5695134499999996, "H1": 3.0523499999999992, "H2": 2.9720249999999995, "H3": 2.2571324999999995, "HA2": 2.327485097858198, "HA3": 2.3228756056129978, "N": 6.150554477816743, "O": 9.452755469453471, "OXT": 9.675483734000002}, "HEM": {"C1A": 8.746867226562498, "C1B": 8.632678359374998, "C1C": 8.689772792968748, "C1D": 8.697385384114583, "C2A": 8.099796979166666, "C2B": 8.1987606640625, "C2C": 8.236823619791666, "C2D": 8.1987606640625, "C3A": 8.194954368489583, "C3B": 8.046508841145831, "C3C": 8.271080279947915, "C3D": 8.115022161458333, "C4A": 8.682160201822915, "C4B": 8.697385384114583, "C4C": 8.73544833984375, "C4D": 8.701191679687499, "CAA": 10.764203880208333, "CAB": 10.676659082031248, "CAC": 10.623370944010416, "CAD": 10.825104609374998, "CBA": 10.802266835937496, "CBB": 14.151806940104164, "CBC": 14.064262141927081, "CBD": 10.292223229166664, "CGA": 10.181840657552081, "CGD": 9.900174785156247, "CHA": 10.50156948567708, "CHB": 10.410218391927081, "CHC": 10.49395689453125, "CHD": 10.51298837239583, "CMA": 13.200233046874997, "CMB": 13.325840800781249, "CMC": 13.165976386718746, "CMD": 13.196426751302079, "FE": 4.29441396890625, "HAA": 2.3126906249999997, "HAB": 1.6895024999999997, "HAC": 2.04159375, "HAD": 2.340804375, "HBA": 2.3461593749999996, "HBB": 2.3562, "HBC": 2.2417368749999995, "HBD": 2.3394656249999994, "HHA": 2.0737237499999996, "HHB": 2.0764012499999995, "HHC": 2.1446775, "HHD": 2.1245962499999993, "HMA": 2.3191612499999996, "HMB": 2.3535224999999995, "HMC": 2.2928325, "HMD": 2.3566462499999994, "NA": 7.076986846516927, "NB": 7.137572547200521, "NC": 7.033711346028646, "ND": 7.120262347005209, "O1A": 9.699426216666666, "O1D": 9.620524853333333, "O2A": 9.538902753333334, "O2D": 9.555227173333334}, "HIS": {"C": 9.760781320738635, "CA": 8.713607123792611, "CB": 9.436239548168372, "CD2": 11.464407956345015, "CE1": 12.458969843156144, "CG": 8.54661235846442, "H": 2.5903493293795616, "HA": 2.280090845454545, "HB2": 2.207472111486486, "HB3": 2.197282233952702, "HD2": 2.0512725506756753, "HE1": 2.1083955658783777, "N": 6.175712914044745, "ND1": 7.011859167628933, "NE2": 7.151159494876348, "O": 9.353388087018182}, "HOH": {"O": 13.86359336490238, "H01": 3.60257625, "H02": 3.60257625, "H": 3.60257625}, "ILE": {"C": 9.679370401766537, "CA": 8.722930728629722, "CB": 8.09065921732088, "CD1": 13.068716218722681, "CG1": 10.360244126625325, "CG2": 12.922985671437935, "H": 2.527421984536082, "HA": 2.296987134146341, "HB": 2.3209290865384613, "HD1": 2.3105186669580413, "HG1": 2.2957292242132863, "HG2": 2.3004733610139856, "N": 6.104522403929407, "O": 9.336446286735395}, "LEU": {"C": 9.752386096429063, "CA": 8.699696108683627, "CB": 10.227351152672151,