{"LYS": {"N": 2.5979677305847457, "CA": 2.299066150095393, "C": 0.0, "O": 0.0, "CB": 2.3140495269461177, "CG": 2.3112605250110048, "CD": 2.32302203478685, "CE": 2.322123115820429, "NZ": 2.934884278096493}, "VAL": {"N": 2.5654565183977094, "CA": 2.2906097283364217, "C": 0.0, "O": 0.0, "CB": 2.3234318796106277, "CG1": 2.3142512372692807, "CG2": 2.3148041264985415}, "PHE": {"N": 2.5736110001953545, "CA": 2.2889322965200596, "C": 0.0, "O": 0.0, "CB": 2.32804879657189, "CG": 0.0, "CD1": 2.099675879465814, "CD2": 2.112564003253053, "CE1": 2.115624057827303, "CE2": 2.1171113371047823, "CZ": 2.1194457833723312}, "GLY": {"N": 2.612485522337882, "CA": 2.3223010145718934, "C": 0.0, "O": 0.0}, "ARG": {"N": 2.5756769385042526, "CA": 2.2905501135796644, "C": 0.0, "O": 0.0, "CB": 2.304487646795751, "CG": 2.2980843047671655, "CD": 2.275008503075538, "NE": 2.7260811914194507, "CZ": 0.0, "NH1": 2.7120367509584655, "NH2": 2.770379018440481}, "CYS": {"N": 2.565110072237175, "CA": 2.277525734872024, "C": 0.0, "O": 0.0, "CB": 2.295254743456459, "SG": 0.0}, "GLU": {"N": 2.570209327123955, "CA": 2.297895167920302, "C": 0.0, "O": 0.0, "CB": 2.3074315520138864, "CG": 2.3070282498123555, "CD": 0.0, "OE1": 0.0, "OE2": 0.0, "OXT": 0.0}, "LEU": {"N": 2.5545055191035466, "CA": 2.276625718990835, "C": 0.0, "O": 0.0, "CB": 2.3239273986737867, "CG": 2.3170412697957783, "CD1": 2.327645121483778, "CD2": 2.3238407921112545, "OXT": 0.0}, "ALA": {"N": 2.5786182043495294, "CA": 2.319430666451176, "C": 0.0, "O": 0.0, "CB": 2.336289781336921}, "MET": {"N": 2.552600309975767, "CA": 2.2796061893534767, "C": 0.0, "O": 0.0, "CB": 2.2929961108299595, "CG": 2.2919084250764223, "SD": 0.0, "CE": 2.3006487047724256}, "HIS": {"N": 2.58736481557377, "CA": 2.29461954199549, "C": 0.0, "O": 0.0, "CB": 2.3151230915680934, "CG": 0.0, "ND1": 0.0, "CD2": 2.083792204288407, "CE1": 2.095350301068137, "NE2": 0.0}, "ASP": {"N": 2.587105463897515, "CA": 2.294984018873003, "C": 0.0, "O": 0.0, "CB": 2.3143157383576805, "CG": 0.0, "OD1": 0.0, "OD2": 0.0}, "ASN": {"N": 2.584697311422413, "CA": 2.286247577380141, "C": 0.0, "O": 0.0, "CB": 2.3100044439810574, "CG": 0.0, "OD1": 0.0, "ND2": 2.7688762466916628}, "TYR": {"N": 2.5758048971714356, "CA": 2.2905479198722594, "C": 0.0, "O": 0.0, "CB": 2.329522658782907, "CG": 0.0, "CD1": 2.102201482333167, "CD2": 2.11333338618677, "CE1": 2.116903827633541, "CE2": 2.117392021795758, "CZ": 0.0, "OH": 2.663927792882955}, "SER": {"N": 2.589863049376507, "CA": 2.2890149755440348, "C": 0.0, "O": 0.0, "CB": 2.2942962261886297, "OG": 2.6702602326836575, "OXT": 0.0}, "TRP": {"N": 2.58209444843176, "CA": 2.3014270247852133, "C": 0.0, "O": 0.0, "CB": 2.329288574924809, "CG": 0.0, "CD1": 2.09570308264024, "CD2": 0.0, "NE1": 2.71191139488586, "CE2": 0.0, "CE3": 2.116415658185841, "CZ2": 2.1188139691817214, "CZ3": 2.117261063374461, "CH2": 2.120027522582359}, "THR": {"N": 2.5960731139759594, "CA": 2.289053484518098, "C": 0.0, "O": 0.0, "CB": 2.3155208456273577, "OG1": 2.6324951240343077, "CG2": 2.3133911391711846}, "GLN": {"N": 2.566864736242778, "CA": 2.291381943084117, "C": 0.0, "O": 0.0, "CB": 2.3040015380126704, "CG": 2.3012847195554276, "CD": 0.0, "OE1": 0.0, "NE2": 2.781914601303911}, "ILE": {"N": 2.5568462054526115, "CA": 2.284928002291489, "C": 0.0, "O": 0.0, "CB": 2.324306432070458, "CG1": 2.296952883846183, "CG2": 2.298783238581198, "CD1": 2.313641261462561}, "PRO": {"N": 0.0, "CA": 2.3154257138917864, "C": 0.0, "O": 0.0, "CB": 2.332007881113029, "CG": 2.3354605656123697, "CD": 2.308135078125}, "GLC": {"C1": 0.0, "C2": 0.0, "C3": 0.0, "C4": 0.0, "C5": 0.0, "C6": 0.0, "O2": 0.0, "O3": 0.0, "O4": 0.0, "O5": 0.0, "O6": 0.0}, "BGC": {"C2": 0.0, "C3": 0.0, "C4": 0.0, "C5": 0.0, "C6": 0.0, "C1": 0.0, "O1": 0.0, "O2": 0.0, "O3": 0.0, "O4": 0.0, "O5": 0.0, "O6": 0.0}, "MTT": {"O14": 0.0, "C14": 0.0, "C13": 0.0, "O13": 0.0, "C12": 0.0, "O12": 0.0, "C11": 0.0, "C15": 0.0, "O15": 0.0, "C16": 0.0, "O16": 0.0, "O24": 0.0, "C24": 0.0, "C23": 0.0, "O23": 0.0, "C22": 0.0, "O22": 0.0, "C21": 0.0, "C25": 0.0, "O25": 0.0, "C26": 0.0, "O26": 0.0, "O34": 0.0, "C34": 0.0, "C33": 0.0, "O33": 0.0, "C32": 0.0, "O32": 0.0, "C31": 0.0, "C35": 0.0, "O35": 0.0, "C36": 0.0, "O36": 0.0, "O44": 0.0, "C44": 0.0, "C43": 0.0, "O43": 0.0, "C42": 0.0, "O42": 0.0, "C41": 0.0, "O41": 0.0, "C45": 0.0, "O45": 0.0, "C46": 0.0, "O46": 0.0}, "EDO": {"C1": 0.0, "O1": 0.0, "C2": 0.0, "O2": 0.0}, " NA": {"NA": 0.0}, "PO4": {"P": 0.0, "O1": 0.0, "O2": 0.0, "O3": 0.0, "O4": 0.0}, "GOL": {"C1": 0.0, "O1": 0.0, "C2": 0.0, "O2": 0.0, "C3": 0.0, "O3": 0.0}, "HOH": {"O": 0.0}}