;STATIONS_ID;QN;DS_10;GS_10;SD_10;LS_10;power;solar intensity / (J/cm2/10 min);time_diff_seconds;power not normalized
count;8784.0;8784.0;8784.0;8784.0;8784.0;8784.0;8784.0;8784.0;8783.0;8784.0
mean;891.0;3.0;3.5077318609593195;7.527483682452944;0.034289541590771105;0.0;1.0;7.527483682452944;3600.0;125.40787814966608
std;0.0;0.0;5.358526858449951;12.988365623094603;0.060351135369915015;0.0;1.7254591535510504;12.988365623094603;0.0;216.38617128075612
min;891.0;3.0;0.0;0.0;0.0;0.0;0.0;0.0;3600.0;0.0
25%;891.0;3.0;0.0;0.0;0.0;0.0;0.0;0.0;3600.0;0.0
50%;891.0;3.0;0.016666666666666666;0.016666666666666666;0.0;0.0;0.002214108641047971;0.016666666666666666;3600.0;0.2776666666666667
75%;891.0;3.0;6.0;9.554166666666665;0.041833333333333333;0.0;1.2692377784807491;9.554166666666665;3600.0;159.17241666666666
max;891.0;3.0;34.61666666666667;63.300000000000004;0.167;0.0;8.409184618700193;63.300000000000004;3600.0;1054.578
