{
  "pipeline_name": "empty",
  "total_time": 10.000019788742065,
  "stage_count": 0,
  "job_count": 0,
  "step_count": 0,
  "timestamp": 1763039184.6743674
}