{
  "pipeline_name": "empty",
  "total_time": 10.000016927719116,
  "stage_count": 0,
  "job_count": 0,
  "step_count": 0,
  "timestamp": 1763039135.800857
}