{
  "pipeline_name": "empty",
  "total_time": 10.000010013580322,
  "stage_count": 0,
  "job_count": 0,
  "step_count": 0,
  "timestamp": 1763039175.5858798
}