{
  "pipeline_name": "empty",
  "total_time": 10.000011205673218,
  "stage_count": 0,
  "job_count": 0,
  "step_count": 0,
  "timestamp": 1763039851.6976633
}